order_id,customer_id,order_date,delivery_date,meal_count,subtotal,delivery_fee,service_fee,total_amount,delivery_status,delivery_time,promised_delivery_window,driver_id,delivery_rating,package_type
1001,82,2025-04-17,2025-04-19,12,134.28,9.99,8.06,152.33,Failed,,17:00-20:00,500,3,Large
1002,36,2025-04-17,2025-04-19,12,134.28,9.99,8.06,152.33,On-time,17:15:00,17:00-20:00,517,4,Large
1003,76,2025-04-17,2025-04-20,6,73.74,9.99,4.42,88.15,On-time,17:00:00,17:00-20:00,502,4,Medium
1004,30,2025-04-17,2025-04-21,12,134.28,9.99,8.06,152.33,Early,15:15:00,17:00-20:00,520,3,Large
1005,70,2025-04-17,2025-04-20,16,177.44,9.99,10.65,198.08,Late,20:45:00,17:00-20:00,518,2,X-Large
1006,1,2025-04-17,2025-04-19,16,177.44,9.99,10.65,198.08,On-time,19:45:00,17:00-20:00,504,4,X-Large
1007,98,2025-04-17,2025-04-20,16,177.44,9.99,10.65,198.08,Late,20:00:00,17:00-20:00,512,1,X-Large
1008,46,2025-04-17,2025-04-20,12,134.28,9.99,8.06,152.33,On-time,19:30:00,17:00-20:00,501,5,Large
1009,69,2025-04-17,2025-04-19,4,54.36,9.99,3.26,67.61,On-time,18:00:00,17:00-20:00,520,5,Small
1010,74,2025-04-17,2025-04-19,12,134.28,9.99,8.06,152.33,On-time,19:00:00,17:00-20:00,501,4,Large
1011,99,2025-04-17,2025-04-20,16,177.44,9.99,10.65,198.08,On-time,17:15:00,17:00-20:00,503,5,X-Large
1012,36,2025-04-17,2025-04-20,12,134.28,9.99,8.06,152.33,Late,21:15:00,17:00-20:00,508,3,Large
1013,88,2025-04-17,2025-04-21,8,93.52,9.99,5.61,109.12,On-time,17:15:00,17:00-20:00,507,4,Medium
1014,60,2025-04-17,2025-04-20,12,134.28,9.99,8.06,152.33,Early,16:15:00,17:00-20:00,510,1,Large
1015,30,2025-04-17,2025-04-19,12,134.28,9.99,8.06,152.33,Early,16:45:00,17:00-20:00,508,1,Large
1016,28,2025-04-17,2025-04-21,8,93.52,9.99,5.61,109.12,Late,21:45:00,17:00-20:00,520,2,Medium
1017,19,2025-04-17,2025-04-20,8,93.52,9.99,5.61,109.12,On-time,17:15:00,17:00-20:00,517,5,Medium
1018,96,2025-04-17,2025-04-21,12,134.28,9.99,8.06,152.33,On-time,18:45:00,17:00-20:00,511,4,Large
1019,18,2025-04-17,2025-04-21,8,93.52,9.99,5.61,109.12,Late,21:00:00,17:00-20:00,501,1,Medium
1020,20,2025-04-17,2025-04-21,6,73.74,9.99,4.42,88.15,On-time,17:45:00,17:00-20:00,519,4,Medium
1021,50,2025-04-17,2025-04-20,16,177.44,9.99,10.65,198.08,On-time,19:45:00,17:00-20:00,517,4,X-Large
1022,88,2025-04-17,2025-04-21,8,93.52,9.99,5.61,109.12,Failed,,17:00-20:00,503,3,Medium
1023,69,2025-04-17,2025-04-20,4,54.36,9.99,3.26,67.61,Late,22:30:00,17:00-20:00,503,2,Small
1024,56,2025-04-17,2025-04-19,12,134.28,9.99,8.06,152.33,Failed,,17:00-20:00,514,1,Large
1025,93,2025-04-17,2025-04-21,8,93.52,9.99,5.61,109.12,Late,21:15:00,17:00-20:00,516,1,Medium
1026,81,2025-04-17,2025-04-20,8,93.52,9.99,5.61,109.12,On-time,19:15:00,17:00-20:00,504,5,Medium
1027,98,2025-04-17,2025-04-19,16,177.44,9.99,10.65,198.08,On-time,19:00:00,17:00-20:00,515,4,X-Large
1028,15,2025-04-17,2025-04-20,12,134.28,9.99,8.06,152.33,Failed,,17:00-20:00,509,1,Large
1029,8,2025-04-17,2025-04-19,12,134.28,9.99,8.06,152.33,Late,22:00:00,17:00-20:00,502,3,Large
1030,63,2025-04-17,2025-04-19,6,73.74,9.99,4.42,88.15,On-time,19:15:00,17:00-20:00,504,5,Medium
1031,71,2025-04-17,2025-04-19,12,134.28,9.99,8.06,152.33,On-time,18:45:00,17:00-20:00,517,4,Large
1032,92,2025-04-17,2025-04-20,8,93.52,9.99,5.61,109.12,On-time,18:30:00,17:00-20:00,516,5,Medium
1033,16,2025-04-17,2025-04-19,12,134.28,9.99,8.06,152.33,Late,20:00:00,17:00-20:00,510,1,Large
1034,76,2025-04-17,2025-04-21,6,73.74,9.99,4.42,88.15,Early,15:15:00,17:00-20:00,500,1,Medium
1035,91,2025-04-17,2025-04-21,6,73.74,9.99,4.42,88.15,On-time,17:15:00,17:00-20:00,502,4,Medium
1036,43,2025-04-17,2025-04-19,6,73.74,9.99,4.42,88.15,On-time,19:15:00,17:00-20:00,515,4,Medium
1037,70,2025-04-17,2025-04-19,16,177.44,9.99,10.65,198.08,On-time,19:45:00,17:00-20:00,507,5,X-Large
1038,53,2025-04-17,2025-04-19,6,73.74,9.99,4.42,88.15,Early,15:00:00,17:00-20:00,513,2,Medium
1039,55,2025-04-17,2025-04-20,8,93.52,9.99,5.61,109.12,Late,21:00:00,17:00-20:00,520,3,Medium
1040,13,2025-04-17,2025-04-19,8,93.52,9.99,5.61,109.12,Late,21:30:00,17:00-20:00,503,1,Medium
1041,25,2025-04-17,2025-04-19,8,93.52,9.99,5.61,109.12,On-time,19:45:00,17:00-20:00,504,5,Medium
1042,24,2025-04-17,2025-04-20,12,134.28,9.99,8.06,152.33,On-time,18:15:00,17:00-20:00,502,5,Large
1043,71,2025-04-17,2025-04-19,12,134.28,9.99,8.06,152.33,On-time,17:00:00,17:00-20:00,507,4,Large
1044,53,2025-04-17,2025-04-20,6,73.74,9.99,4.42,88.15,On-time,18:15:00,17:00-20:00,501,4,Medium
1045,49,2025-04-17,2025-04-19,12,134.28,9.99,8.06,152.33,Late,21:30:00,17:00-20:00,514,2,Large
1046,55,2025-04-17,2025-04-21,8,93.52,9.99,5.61,109.12,Late,22:45:00,17:00-20:00,504,1,Medium
1047,38,2025-04-17,2025-04-19,6,73.74,9.99,4.42,88.15,Early,15:00:00,17:00-20:00,510,1,Medium
1048,7,2025-04-17,2025-04-21,16,177.44,9.99,10.65,198.08,Early,16:15:00,17:00-20:00,501,3,X-Large
1049,11,2025-04-17,2025-04-19,6,73.74,9.99,4.42,88.15,On-time,17:00:00,17:00-20:00,507,5,Medium
1050,16,2025-04-17,2025-04-21,12,134.28,9.99,8.06,152.33,Late,20:00:00,17:00-20:00,519,1,Large
1051,54,2025-04-17,2025-04-21,4,54.36,9.99,3.26,67.61,Failed,,17:00-20:00,518,3,Small
1052,67,2025-04-17,2025-04-20,12,134.28,9.99,8.06,152.33,Late,21:15:00,17:00-20:00,510,1,Large
1053,34,2025-04-17,2025-04-20,16,177.44,9.99,10.65,198.08,On-time,17:30:00,17:00-20:00,502,4,X-Large
1054,59,2025-04-17,2025-04-21,8,93.52,9.99,5.61,109.12,On-time,19:00:00,17:00-20:00,502,4,Medium
1055,65,2025-04-17,2025-04-20,16,177.44,9.99,10.65,198.08,On-time,17:30:00,17:00-20:00,507,5,X-Large
1056,37,2025-04-17,2025-04-19,8,93.52,9.99,5.61,109.12,Early,16:30:00,17:00-20:00,519,3,Medium
1057,68,2025-04-17,2025-04-19,8,93.52,9.99,5.61,109.12,On-time,19:30:00,17:00-20:00,503,4,Medium
1058,34,2025-04-17,2025-04-19,16,177.44,9.99,10.65,198.08,On-time,17:15:00,17:00-20:00,519,4,X-Large
1059,92,2025-04-17,2025-04-20,8,93.52,9.99,5.61,109.12,On-time,17:30:00,17:00-20:00,508,4,Medium
1060,12,2025-04-17,2025-04-21,12,134.28,9.99,8.06,152.33,Late,21:30:00,17:00-20:00,501,1,Large
1061,43,2025-04-17,2025-04-19,6,73.74,9.99,4.42,88.15,Late,21:45:00,17:00-20:00,517,1,Medium
1062,15,2025-04-17,2025-04-19,12,134.28,9.99,8.06,152.33,On-time,19:15:00,17:00-20:00,517,4,Large
1063,48,2025-04-17,2025-04-21,8,93.52,9.99,5.61,109.12,On-time,19:15:00,17:00-20:00,501,5,Medium
1064,47,2025-04-17,2025-04-19,8,93.52,9.99,5.61,109.12,On-time,18:15:00,17:00-20:00,507,4,Medium
1065,46,2025-04-17,2025-04-21,12,134.28,9.99,8.06,152.33,Late,21:15:00,17:00-20:00,507,1,Large
1066,23,2025-04-17,2025-04-20,12,134.28,9.99,8.06,152.33,On-time,17:15:00,17:00-20:00,510,5,Large
1067,86,2025-04-17,2025-04-21,12,134.28,9.99,8.06,152.33,Late,20:30:00,17:00-20:00,505,3,Large
1068,14,2025-04-17,2025-04-20,8,93.52,9.99,5.61,109.12,On-time,17:45:00,17:00-20:00,507,4,Medium
1069,59,2025-04-17,2025-04-20,8,93.52,9.99,5.61,109.12,On-time,18:15:00,17:00-20:00,507,4,Medium
1070,85,2025-04-17,2025-04-19,4,54.36,9.99,3.26,67.61,Late,21:30:00,17:00-20:00,508,1,Small
1071,99,2025-04-17,2025-04-20,16,177.44,9.99,10.65,198.08,On-time,18:45:00,17:00-20:00,517,5,X-Large
1072,4,2025-04-17,2025-04-19,16,177.44,9.99,10.65,198.08,On-time,18:15:00,17:00-20:00,508,4,X-Large
1073,14,2025-04-17,2025-04-21,8,93.52,9.99,5.61,109.12,On-time,18:30:00,17:00-20:00,510,5,Medium
1074,78,2025-04-17,2025-04-21,8,93.52,9.99,5.61,109.12,Late,20:45:00,17:00-20:00,518,1,Medium
1075,33,2025-04-17,2025-04-19,12,134.28,9.99,8.06,152.33,Late,22:45:00,17:00-20:00,500,3,Large
1076,69,2025-04-17,2025-04-21,4,54.36,9.99,3.26,67.61,Late,22:15:00,17:00-20:00,511,2,Small
1077,9,2025-04-17,2025-04-21,8,93.52,9.99,5.61,109.12,On-time,18:30:00,17:00-20:00,503,5,Medium
1078,65,2025-04-17,2025-04-20,16,177.44,9.99,10.65,198.08,On-time,19:45:00,17:00-20:00,509,4,X-Large
1079,25,2025-04-17,2025-04-20,8,93.52,9.99,5.61,109.12,On-time,19:45:00,17:00-20:00,505,5,Medium
1080,52,2025-04-17,2025-04-21,16,177.44,9.99,10.65,198.08,On-time,17:30:00,17:00-20:00,509,4,X-Large
1081,56,2025-04-17,2025-04-21,12,134.28,9.99,8.06,152.33,On-time,19:30:00,17:00-20:00,514,4,Large
1082,66,2025-04-17,2025-04-20,8,93.52,9.99,5.61,109.12,On-time,19:15:00,17:00-20:00,502,5,Medium
1083,66,2025-04-17,2025-04-21,8,93.52,9.99,5.61,109.12,On-time,19:30:00,17:00-20:00,502,4,Medium
1084,87,2025-04-17,2025-04-20,6,73.74,9.99,4.42,88.15,Failed,,17:00-20:00,507,1,Medium
1085,19,2025-04-17,2025-04-19,8,93.52,9.99,5.61,109.12,On-time,17:15:00,17:00-20:00,515,4,Medium
1086,59,2025-04-17,2025-04-20,8,93.52,9.99,5.61,109.12,On-time,19:15:00,17:00-20:00,512,5,Medium
1087,52,2025-04-17,2025-04-19,16,177.44,9.99,10.65,198.08,Late,20:00:00,17:00-20:00,503,2,X-Large
1088,29,2025-04-17,2025-04-19,8,93.52,9.99,5.61,109.12,On-time,19:45:00,17:00-20:00,501,4,Medium
1089,16,2025-04-17,2025-04-20,12,134.28,9.99,8.06,152.33,Late,20:45:00,17:00-20:00,516,3,Large
1090,77,2025-04-17,2025-04-20,12,134.28,9.99,8.06,152.33,Late,21:45:00,17:00-20:00,517,2,Large
1091,21,2025-04-17,2025-04-21,6,73.74,9.99,4.42,88.15,Failed,,17:00-20:00,515,2,Medium
1092,34,2025-04-17,2025-04-19,16,177.44,9.99,10.65,198.08,On-time,19:30:00,17:00-20:00,516,5,X-Large
1093,81,2025-04-17,2025-04-19,8,93.52,9.99,5.61,109.12,Failed,,17:00-20:00,508,2,Medium
1094,10,2025-04-17,2025-04-21,8,93.52,9.99,5.61,109.12,On-time,18:15:00,17:00-20:00,508,5,Medium
1095,41,2025-04-17,2025-04-21,16,177.44,9.99,10.65,198.08,On-time,17:15:00,17:00-20:00,504,4,X-Large
1096,50,2025-04-17,2025-04-21,16,177.44,9.99,10.65,198.08,Late,21:30:00,17:00-20:00,517,2,X-Large
1097,54,2025-04-17,2025-04-19,4,54.36,9.99,3.26,67.61,Early,15:45:00,17:00-20:00,512,3,Small
1098,90,2025-04-17,2025-04-19,16,177.44,9.99,10.65,198.08,On-time,19:45:00,17:00-20:00,515,4,X-Large
1099,46,2025-04-17,2025-04-20,12,134.28,9.99,8.06,152.33,On-time,18:45:00,17:00-20:00,517,4,Large
1100,63,2025-04-17,2025-04-19,6,73.74,9.99,4.42,88.15,On-time,18:45:00,17:00-20:00,515,4,Medium
1101,50,2025-04-17,2025-04-20,16,177.44,9.99,10.65,198.08,On-time,19:45:00,17:00-20:00,514,4,X-Large
1102,80,2025-04-17,2025-04-21,8,93.52,9.99,5.61,109.12,On-time,17:45:00,17:00-20:00,518,4,Medium
1103,11,2025-04-17,2025-04-21,6,73.74,9.99,4.42,88.15,On-time,18:15:00,17:00-20:00,505,4,Medium
1104,34,2025-04-17,2025-04-20,16,177.44,9.99,10.65,198.08,On-time,18:15:00,17:00-20:00,510,5,X-Large
1105,36,2025-04-17,2025-04-20,12,134.28,9.99,8.06,152.33,On-time,18:00:00,17:00-20:00,517,4,Large
1106,45,2025-04-17,2025-04-19,6,73.74,9.99,4.42,88.15,On-time,19:00:00,17:00-20:00,520,4,Medium
1107,97,2025-04-17,2025-04-19,8,93.52,9.99,5.61,109.12,On-time,17:15:00,17:00-20:00,519,4,Medium
1108,31,2025-04-17,2025-04-19,8,93.52,9.99,5.61,109.12,On-time,18:00:00,17:00-20:00,518,4,Medium
1109,60,2025-04-17,2025-04-21,12,134.28,9.99,8.06,152.33,Late,22:00:00,17:00-20:00,505,2,Large
1110,14,2025-04-17,2025-04-21,8,93.52,9.99,5.61,109.12,Late,20:30:00,17:00-20:00,518,3,Medium
1111,49,2025-04-17,2025-04-20,12,134.28,9.99,8.06,152.33,Late,22:15:00,17:00-20:00,503,3,Large
1112,99,2025-04-17,2025-04-20,16,177.44,9.99,10.65,198.08,Late,22:00:00,17:00-20:00,518,1,X-Large
1113,45,2025-04-17,2025-04-21,6,73.74,9.99,4.42,88.15,On-time,18:30:00,17:00-20:00,502,5,Medium
1114,2,2025-04-17,2025-04-20,4,54.36,9.99,3.26,67.61,On-time,18:00:00,17:00-20:00,511,5,Small
1115,91,2025-04-17,2025-04-19,6,73.74,9.99,4.42,88.15,On-time,18:15:00,17:00-20:00,516,5,Medium
1116,79,2025-04-17,2025-04-21,12,134.28,9.99,8.06,152.33,On-time,18:45:00,17:00-20:00,513,5,Large
1117,42,2025-04-17,2025-04-19,4,54.36,9.99,3.26,67.61,On-time,17:30:00,17:00-20:00,514,4,Small
1118,97,2025-04-17,2025-04-20,8,93.52,9.99,5.61,109.12,On-time,19:45:00,17:00-20:00,515,5,Medium
1119,24,2025-04-17,2025-04-20,12,134.28,9.99,8.06,152.33,On-time,17:30:00,17:00-20:00,508,5,Large
1120,36,2025-04-17,2025-04-21,12,134.28,9.99,8.06,152.33,On-time,19:30:00,17:00-20:00,516,4,Large
1121,11,2025-04-17,2025-04-19,6,73.74,9.99,4.42,88.15,On-time,19:45:00,17:00-20:00,507,5,Medium
1122,83,2025-04-17,2025-04-21,6,73.74,9.99,4.42,88.15,On-time,18:45:00,17:00-20:00,500,4,Medium
1123,38,2025-04-17,2025-04-19,6,73.74,9.99,4.42,88.15,On-time,18:15:00,17:00-20:00,509,5,Medium
1124,61,2025-04-17,2025-04-21,6,73.74,9.99,4.42,88.15,On-time,19:30:00,17:00-20:00,517,5,Medium
1125,46,2025-04-17,2025-04-21,12,134.28,9.99,8.06,152.33,Late,21:30:00,17:00-20:00,509,2,Large
1126,30,2025-04-17,2025-04-19,12,134.28,9.99,8.06,152.33,On-time,19:15:00,17:00-20:00,510,4,Large
1127,96,2025-04-17,2025-04-21,12,134.28,9.99,8.06,152.33,Late,22:15:00,17:00-20:00,506,1,Large
1128,95,2025-04-17,2025-04-20,8,93.52,9.99,5.61,109.12,On-time,18:30:00,17:00-20:00,506,5,Medium
1129,30,2025-04-17,2025-04-20,12,134.28,9.99,8.06,152.33,On-time,17:30:00,17:00-20:00,500,4,Large
1130,36,2025-04-17,2025-04-19,12,134.28,9.99,8.06,152.33,Late,20:30:00,17:00-20:00,504,3,Large
1131,97,2025-04-17,2025-04-20,8,93.52,9.99,5.61,109.12,Failed,,17:00-20:00,503,1,Medium
1132,74,2025-04-17,2025-04-20,12,134.28,9.99,8.06,152.33,On-time,18:45:00,17:00-20:00,514,5,Large
1133,24,2025-04-17,2025-04-19,12,134.28,9.99,8.06,152.33,On-time,18:45:00,17:00-20:00,503,4,Large
1134,52,2025-04-17,2025-04-20,16,177.44,9.99,10.65,198.08,Late,20:00:00,17:00-20:00,504,1,X-Large
1135,73,2025-04-17,2025-04-20,16,177.44,9.99,10.65,198.08,Late,20:15:00,17:00-20:00,503,3,X-Large
1136,98,2025-04-17,2025-04-20,16,177.44,9.99,10.65,198.08,On-time,19:15:00,17:00-20:00,512,5,X-Large
1137,57,2025-04-17,2025-04-20,12,134.28,9.99,8.06,152.33,On-time,19:45:00,17:00-20:00,519,4,Large
1138,79,2025-04-17,2025-04-21,12,134.28,9.99,8.06,152.33,On-time,17:15:00,17:00-20:00,520,4,Large
1139,34,2025-04-17,2025-04-21,16,177.44,9.99,10.65,198.08,Late,22:00:00,17:00-20:00,505,1,X-Large
1140,53,2025-04-17,2025-04-20,6,73.74,9.99,4.42,88.15,On-time,19:45:00,17:00-20:00,507,5,Medium
1141,91,2025-04-17,2025-04-20,6,73.74,9.99,4.42,88.15,On-time,19:45:00,17:00-20:00,502,4,Medium
1142,34,2025-04-17,2025-04-21,16,177.44,9.99,10.65,198.08,On-time,19:15:00,17:00-20:00,517,4,X-Large
1143,83,2025-04-17,2025-04-19,6,73.74,9.99,4.42,88.15,Late,21:15:00,17:00-20:00,502,1,Medium
1144,22,2025-04-17,2025-04-20,6,73.74,9.99,4.42,88.15,On-time,19:30:00,17:00-20:00,514,4,Medium
1145,60,2025-04-17,2025-04-21,12,134.28,9.99,8.06,152.33,On-time,18:45:00,17:00-20:00,516,5,Large
1146,57,2025-04-17,2025-04-19,12,134.28,9.99,8.06,152.33,Late,22:00:00,17:00-20:00,513,3,Large
1147,42,2025-04-17,2025-04-21,4,54.36,9.99,3.26,67.61,Late,21:00:00,17:00-20:00,502,1,Small
1148,87,2025-04-17,2025-04-21,6,73.74,9.99,4.42,88.15,On-time,19:00:00,17:00-20:00,508,4,Medium
1149,98,2025-04-17,2025-04-19,16,177.44,9.99,10.65,198.08,On-time,18:45:00,17:00-20:00,505,5,X-Large
1150,82,2025-04-17,2025-04-20,12,134.28,9.99,8.06,152.33,On-time,17:45:00,17:00-20:00,511,5,Large
1151,43,2025-04-17,2025-04-20,6,73.74,9.99,4.42,88.15,On-time,19:00:00,17:00-20:00,510,5,Medium
1152,89,2025-04-17,2025-04-20,6,73.74,9.99,4.42,88.15,On-time,18:45:00,17:00-20:00,517,4,Medium
1153,59,2025-04-17,2025-04-19,8,93.52,9.99,5.61,109.12,On-time,18:30:00,17:00-20:00,510,4,Medium
1154,99,2025-04-17,2025-04-20,16,177.44,9.99,10.65,198.08,On-time,19:00:00,17:00-20:00,517,5,X-Large
1155,53,2025-04-17,2025-04-19,6,73.74,9.99,4.42,88.15,On-time,17:30:00,17:00-20:00,515,5,Medium
1156,98,2025-04-17,2025-04-19,16,177.44,9.99,10.65,198.08,On-time,17:30:00,17:00-20:00,509,5,X-Large
1157,90,2025-04-17,2025-04-20,16,177.44,9.99,10.65,198.08,On-time,17:00:00,17:00-20:00,520,4,X-Large
1158,91,2025-04-17,2025-04-19,6,73.74,9.99,4.42,88.15,On-time,18:00:00,17:00-20:00,517,5,Medium
1159,12,2025-04-17,2025-04-19,12,134.28,9.99,8.06,152.33,On-time,17:45:00,17:00-20:00,503,4,Large
1160,64,2025-04-17,2025-04-21,8,93.52,9.99,5.61,109.12,On-time,18:30:00,17:00-20:00,515,5,Medium
1161,32,2025-04-17,2025-04-20,8,93.52,9.99,5.61,109.12,Late,22:15:00,17:00-20:00,512,1,Medium
1162,77,2025-04-17,2025-04-21,12,134.28,9.99,8.06,152.33,On-time,19:15:00,17:00-20:00,508,5,Large
1163,44,2025-04-17,2025-04-21,8,93.52,9.99,5.61,109.12,On-time,18:00:00,17:00-20:00,509,5,Medium
1164,20,2025-04-17,2025-04-20,6,73.74,9.99,4.42,88.15,Late,22:45:00,17:00-20:00,511,2,Medium
1165,71,2025-04-17,2025-04-21,12,134.28,9.99,8.06,152.33,On-time,18:45:00,17:00-20:00,506,4,Large
1166,74,2025-04-17,2025-04-20,12,134.28,9.99,8.06,152.33,On-time,17:45:00,17:00-20:00,501,5,Large
1167,96,2025-04-17,2025-04-20,12,134.28,9.99,8.06,152.33,On-time,19:45:00,17:00-20:00,512,4,Large
1168,64,2025-04-17,2025-04-19,8,93.52,9.99,5.61,109.12,On-time,17:30:00,17:00-20:00,514,4,Medium
1169,68,2025-04-17,2025-04-20,8,93.52,9.99,5.61,109.12,Late,20:15:00,17:00-20:00,513,3,Medium
1170,20,2025-04-17,2025-04-19,6,73.74,9.99,4.42,88.15,On-time,18:30:00,17:00-20:00,510,5,Medium
1171,84,2025-04-17,2025-04-19,8,93.52,9.99,5.61,109.12,On-time,18:45:00,17:00-20:00,520,5,Medium
1172,70,2025-04-17,2025-04-19,16,177.44,9.99,10.65,198.08,On-time,19:00:00,17:00-20:00,507,5,X-Large
1173,30,2025-04-17,2025-04-21,12,134.28,9.99,8.06,152.33,On-time,17:45:00,17:00-20:00,503,4,Large
1174,57,2025-04-17,2025-04-19,12,134.28,9.99,8.06,152.33,Late,22:30:00,17:00-20:00,500,1,Large
1175,42,2025-04-17,2025-04-19,4,54.36,9.99,3.26,67.61,On-time,18:30:00,17:00-20:00,511,5,Small
1176,19,2025-04-17,2025-04-19,8,93.52,9.99,5.61,109.12,On-time,19:45:00,17:00-20:00,518,4,Medium
1177,22,2025-04-17,2025-04-19,6,73.74,9.99,4.42,88.15,Early,15:45:00,17:00-20:00,519,3,Medium
1178,31,2025-04-17,2025-04-20,8,93.52,9.99,5.61,109.12,On-time,19:15:00,17:00-20:00,507,5,Medium
1179,82,2025-04-17,2025-04-20,12,134.28,9.99,8.06,152.33,On-time,18:30:00,17:00-20:00,500,5,Large
1180,37,2025-04-17,2025-04-21,8,93.52,9.99,5.61,109.12,On-time,19:15:00,17:00-20:00,502,5,Medium
1181,45,2025-04-17,2025-04-21,6,73.74,9.99,4.42,88.15,On-time,18:45:00,17:00-20:00,508,5,Medium
1182,39,2025-04-17,2025-04-19,12,134.28,9.99,8.06,152.33,On-time,18:45:00,17:00-20:00,503,4,Large
1183,49,2025-04-17,2025-04-21,12,134.28,9.99,8.06,152.33,On-time,18:30:00,17:00-20:00,509,4,Large
1184,85,2025-04-17,2025-04-20,4,54.36,9.99,3.26,67.61,On-time,18:00:00,17:00-20:00,518,4,Small
1185,78,2025-04-17,2025-04-21,8,93.52,9.99,5.61,109.12,On-time,18:30:00,17:00-20:00,507,5,Medium
1186,29,2025-04-17,2025-04-21,8,93.52,9.99,5.61,109.12,On-time,17:30:00,17:00-20:00,504,4,Medium
1187,81,2025-04-17,2025-04-21,8,93.52,9.99,5.61,109.12,Late,20:30:00,17:00-20:00,514,1,Medium
1188,75,2025-04-17,2025-04-20,16,177.44,9.99,10.65,198.08,On-time,19:15:00,17:00-20:00,502,5,X-Large
1189,42,2025-04-17,2025-04-21,4,54.36,9.99,3.26,67.61,On-time,18:15:00,17:00-20:00,506,4,Small
1190,70,2025-04-17,2025-04-20,16,177.44,9.99,10.65,198.08,On-time,19:30:00,17:00-20:00,505,5,X-Large
1191,62,2025-04-17,2025-04-20,8,93.52,9.99,5.61,109.12,Early,16:00:00,17:00-20:00,514,1,Medium
1192,19,2025-04-17,2025-04-19,8,93.52,9.99,5.61,109.12,On-time,19:45:00,17:00-20:00,517,5,Medium
1193,12,2025-04-17,2025-04-20,12,134.28,9.99,8.06,152.33,On-time,17:30:00,17:00-20:00,517,4,Large
1194,59,2025-04-17,2025-04-20,8,93.52,9.99,5.61,109.12,Early,16:45:00,17:00-20:00,520,2,Medium
1195,14,2025-04-17,2025-04-21,8,93.52,9.99,5.61,109.12,Late,20:45:00,17:00-20:00,500,3,Medium
1196,72,2025-04-17,2025-04-20,16,177.44,9.99,10.65,198.08,Late,22:15:00,17:00-20:00,520,1,X-Large
1197,82,2025-04-17,2025-04-20,12,134.28,9.99,8.06,152.33,On-time,19:30:00,17:00-20:00,520,5,Large
1198,15,2025-04-17,2025-04-19,12,134.28,9.99,8.06,152.33,On-time,17:00:00,17:00-20:00,509,5,Large
1199,15,2025-04-17,2025-04-19,12,134.28,9.99,8.06,152.33,Late,20:15:00,17:00-20:00,512,2,Large
1200,48,2025-04-17,2025-04-21,8,93.52,9.99,5.61,109.12,Failed,,17:00-20:00,517,2,Medium
1201,76,2025-04-17,2025-04-21,6,73.74,9.99,4.42,88.15,On-time,19:15:00,17:00-20:00,513,4,Medium
1202,63,2025-04-17,2025-04-21,6,73.74,9.99,4.42,88.15,On-time,18:30:00,17:00-20:00,501,5,Medium
1203,28,2025-04-17,2025-04-20,8,93.52,9.99,5.61,109.12,On-time,18:15:00,17:00-20:00,503,5,Medium
1204,70,2025-04-17,2025-04-21,16,177.44,9.99,10.65,198.08,Late,21:00:00,17:00-20:00,512,2,X-Large
1205,25,2025-04-17,2025-04-19,8,93.52,9.99,5.61,109.12,On-time,18:00:00,17:00-20:00,506,4,Medium
1206,7,2025-04-17,2025-04-20,16,177.44,9.99,10.65,198.08,On-time,17:15:00,17:00-20:00,506,4,X-Large
1207,98,2025-04-17,2025-04-21,16,177.44,9.99,10.65,198.08,On-time,17:15:00,17:00-20:00,507,5,X-Large
1208,100,2025-04-17,2025-04-19,12,134.28,9.99,8.06,152.33,On-time,19:00:00,17:00-20:00,504,4,Large
1209,70,2025-04-17,2025-04-20,16,177.44,9.99,10.65,198.08,On-time,17:00:00,17:00-20:00,500,4,X-Large
1210,2,2025-04-17,2025-04-20,4,54.36,9.99,3.26,67.61,Late,21:00:00,17:00-20:00,504,3,Small
1211,54,2025-04-17,2025-04-21,4,54.36,9.99,3.26,67.61,On-time,17:00:00,17:00-20:00,515,5,Small
1212,100,2025-04-17,2025-04-20,12,134.28,9.99,8.06,152.33,On-time,19:00:00,17:00-20:00,507,4,Large
1213,94,2025-04-17,2025-04-21,8,93.52,9.99,5.61,109.12,On-time,19:30:00,17:00-20:00,514,4,Medium
1214,8,2025-04-17,2025-04-20,12,134.28,9.99,8.06,152.33,On-time,18:45:00,17:00-20:00,503,5,Large
1215,92,2025-04-17,2025-04-20,8,93.52,9.99,5.61,109.12,On-time,17:00:00,17:00-20:00,504,4,Medium
1216,17,2025-04-17,2025-04-20,6,73.74,9.99,4.42,88.15,On-time,19:30:00,17:00-20:00,519,5,Medium
1217,59,2025-04-17,2025-04-21,8,93.52,9.99,5.61,109.12,On-time,19:45:00,17:00-20:00,503,4,Medium
1218,84,2025-04-17,2025-04-21,8,93.52,9.99,5.61,109.12,On-time,19:15:00,17:00-20:00,507,5,Medium
1219,44,2025-04-17,2025-04-20,8,93.52,9.99,5.61,109.12,On-time,18:45:00,17:00-20:00,510,5,Medium
1220,41,2025-04-17,2025-04-21,16,177.44,9.99,10.65,198.08,On-time,18:30:00,17:00-20:00,504,5,X-Large
1221,9,2025-04-17,2025-04-19,8,93.52,9.99,5.61,109.12,Early,15:00:00,17:00-20:00,513,1,Medium
1222,96,2025-04-17,2025-04-21,12,134.28,9.99,8.06,152.33,On-time,18:15:00,17:00-20:00,517,4,Large
1223,76,2025-04-17,2025-04-21,6,73.74,9.99,4.42,88.15,Late,22:30:00,17:00-20:00,503,2,Medium
1224,46,2025-04-17,2025-04-21,12,134.28,9.99,8.06,152.33,On-time,18:00:00,17:00-20:00,509,5,Large
1225,46,2025-04-17,2025-04-19,12,134.28,9.99,8.06,152.33,Late,22:15:00,17:00-20:00,504,3,Large
1226,62,2025-04-17,2025-04-19,8,93.52,9.99,5.61,109.12,Late,20:30:00,17:00-20:00,517,2,Medium
1227,15,2025-04-17,2025-04-20,12,134.28,9.99,8.06,152.33,On-time,19:15:00,17:00-20:00,513,4,Large
1228,78,2025-04-17,2025-04-21,8,93.52,9.99,5.61,109.12,On-time,19:30:00,17:00-20:00,500,4,Medium
1229,35,2025-04-17,2025-04-21,8,93.52,9.99,5.61,109.12,On-time,18:30:00,17:00-20:00,505,4,Medium
1230,73,2025-04-17,2025-04-21,16,177.44,9.99,10.65,198.08,On-time,18:00:00,17:00-20:00,504,4,X-Large
1231,12,2025-04-17,2025-04-21,12,134.28,9.99,8.06,152.33,Failed,,17:00-20:00,516,1,Large
1232,49,2025-04-17,2025-04-20,12,134.28,9.99,8.06,152.33,Late,21:30:00,17:00-20:00,505,2,Large
1233,40,2025-04-17,2025-04-21,12,134.28,9.99,8.06,152.33,Early,16:00:00,17:00-20:00,501,1,Large
1234,21,2025-04-17,2025-04-21,6,73.74,9.99,4.42,88.15,On-time,17:00:00,17:00-20:00,513,5,Medium
1235,78,2025-04-17,2025-04-20,8,93.52,9.99,5.61,109.12,Late,21:30:00,17:00-20:00,506,3,Medium
1236,15,2025-04-17,2025-04-20,12,134.28,9.99,8.06,152.33,Failed,,17:00-20:00,513,1,Large
1237,37,2025-04-17,2025-04-21,8,93.52,9.99,5.61,109.12,On-time,19:45:00,17:00-20:00,516,5,Medium
1238,6,2025-04-17,2025-04-19,6,73.74,9.99,4.42,88.15,On-time,18:00:00,17:00-20:00,500,4,Medium
1239,39,2025-04-17,2025-04-19,12,134.28,9.99,8.06,152.33,Late,20:30:00,17:00-20:00,509,2,Large
1240,16,2025-04-17,2025-04-19,12,134.28,9.99,8.06,152.33,Late,21:15:00,17:00-20:00,516,3,Large
1241,86,2025-04-17,2025-04-20,12,134.28,9.99,8.06,152.33,Late,20:45:00,17:00-20:00,501,2,Large
1242,3,2025-04-17,2025-04-20,4,54.36,9.99,3.26,67.61,On-time,17:30:00,17:00-20:00,518,5,Small
1243,74,2025-04-17,2025-04-20,12,134.28,9.99,8.06,152.33,Late,22:45:00,17:00-20:00,509,1,Large
1244,52,2025-04-17,2025-04-19,16,177.44,9.99,10.65,198.08,On-time,18:15:00,17:00-20:00,519,5,X-Large
1245,89,2025-04-17,2025-04-20,6,73.74,9.99,4.42,88.15,On-time,17:45:00,17:00-20:00,507,5,Medium
1246,76,2025-04-17,2025-04-20,6,73.74,9.99,4.42,88.15,On-time,19:00:00,17:00-20:00,512,5,Medium
1247,96,2025-04-17,2025-04-20,12,134.28,9.99,8.06,152.33,Late,20:30:00,17:00-20:00,505,1,Large
1248,66,2025-04-17,2025-04-21,8,93.52,9.99,5.61,109.12,On-time,17:15:00,17:00-20:00,511,5,Medium
1249,94,2025-04-17,2025-04-21,8,93.52,9.99,5.61,109.12,On-time,17:15:00,17:00-20:00,503,4,Medium
1250,33,2025-04-17,2025-04-19,12,134.28,9.99,8.06,152.33,On-time,17:15:00,17:00-20:00,520,4,Large
1251,23,2025-04-17,2025-04-21,12,134.28,9.99,8.06,152.33,Late,21:45:00,17:00-20:00,518,3,Large
1252,58,2025-04-17,2025-04-21,12,134.28,9.99,8.06,152.33,On-time,19:30:00,17:00-20:00,520,5,Large
1253,20,2025-04-17,2025-04-20,6,73.74,9.99,4.42,88.15,Late,20:45:00,17:00-20:00,514,3,Medium
1254,39,2025-04-17,2025-04-20,12,134.28,9.99,8.06,152.33,On-time,19:00:00,17:00-20:00,511,4,Large
1255,40,2025-04-17,2025-04-20,12,134.28,9.99,8.06,152.33,On-time,18:00:00,17:00-20:00,501,5,Large
1256,37,2025-04-17,2025-04-19,8,93.52,9.99,5.61,109.12,On-time,19:00:00,17:00-20:00,519,5,Medium
1257,60,2025-04-17,2025-04-21,12,134.28,9.99,8.06,152.33,On-time,19:00:00,17:00-20:00,518,4,Large
1258,42,2025-04-17,2025-04-21,4,54.36,9.99,3.26,67.61,Late,21:15:00,17:00-20:00,501,2,Small
1259,14,2025-04-17,2025-04-20,8,93.52,9.99,5.61,109.12,On-time,19:00:00,17:00-20:00,516,4,Medium
1260,6,2025-04-17,2025-04-19,6,73.74,9.99,4.42,88.15,On-time,19:45:00,17:00-20:00,514,4,Medium
1261,47,2025-04-17,2025-04-20,8,93.52,9.99,5.61,109.12,Late,21:45:00,17:00-20:00,513,2,Medium
1262,87,2025-04-17,2025-04-21,6,73.74,9.99,4.42,88.15,On-time,17:30:00,17:00-20:00,502,5,Medium
1263,13,2025-04-17,2025-04-21,8,93.52,9.99,5.61,109.12,On-time,19:45:00,17:00-20:00,519,4,Medium
1264,43,2025-04-17,2025-04-19,6,73.74,9.99,4.42,88.15,Failed,,17:00-20:00,518,3,Medium
1265,19,2025-04-17,2025-04-20,8,93.52,9.99,5.61,109.12,On-time,18:45:00,17:00-20:00,504,4,Medium
1266,40,2025-04-17,2025-04-21,12,134.28,9.99,8.06,152.33,On-time,18:30:00,17:00-20:00,504,4,Large
1267,83,2025-04-17,2025-04-21,6,73.74,9.99,4.42,88.15,Failed,,17:00-20:00,513,3,Medium
1268,47,2025-04-17,2025-04-19,8,93.52,9.99,5.61,109.12,On-time,18:30:00,17:00-20:00,505,4,Medium
1269,44,2025-04-17,2025-04-20,8,93.52,9.99,5.61,109.12,On-time,17:15:00,17:00-20:00,504,4,Medium
1270,38,2025-04-17,2025-04-19,6,73.74,9.99,4.42,88.15,On-time,19:00:00,17:00-20:00,510,4,Medium
1271,77,2025-04-17,2025-04-20,12,134.28,9.99,8.06,152.33,Late,20:15:00,17:00-20:00,505,3,Large
1272,99,2025-04-17,2025-04-21,16,177.44,9.99,10.65,198.08,Late,20:45:00,17:00-20:00,501,2,X-Large
1273,47,2025-04-17,2025-04-21,8,93.52,9.99,5.61,109.12,On-time,19:15:00,17:00-20:00,514,5,Medium
1274,97,2025-04-17,2025-04-21,8,93.52,9.99,5.61,109.12,Late,21:15:00,17:00-20:00,517,1,Medium
1275,40,2025-04-17,2025-04-20,12,134.28,9.99,8.06,152.33,Late,20:30:00,17:00-20:00,518,2,Large
1276,60,2025-04-17,2025-04-20,12,134.28,9.99,8.06,152.33,On-time,18:45:00,17:00-20:00,506,4,Large
1277,33,2025-04-17,2025-04-19,12,134.28,9.99,8.06,152.33,On-time,19:45:00,17:00-20:00,511,4,Large
1278,92,2025-04-17,2025-04-21,8,93.52,9.99,5.61,109.12,Late,20:30:00,17:00-20:00,514,3,Medium
1279,19,2025-04-17,2025-04-20,8,93.52,9.99,5.61,109.12,Late,20:15:00,17:00-20:00,514,2,Medium
1280,4,2025-04-17,2025-04-20,16,177.44,9.99,10.65,198.08,On-time,17:45:00,17:00-20:00,507,5,X-Large
1281,11,2025-04-17,2025-04-20,6,73.74,9.99,4.42,88.15,On-time,17:00:00,17:00-20:00,503,5,Medium
1282,19,2025-04-17,2025-04-19,8,93.52,9.99,5.61,109.12,Late,20:30:00,17:00-20:00,515,3,Medium
1283,18,2025-04-17,2025-04-21,8,93.52,9.99,5.61,109.12,Late,21:45:00,17:00-20:00,519,1,Medium
1284,11,2025-04-17,2025-04-19,6,73.74,9.99,4.42,88.15,On-time,18:15:00,17:00-20:00,517,5,Medium
1285,15,2025-04-17,2025-04-20,12,134.28,9.99,8.06,152.33,Late,20:30:00,17:00-20:00,503,1,Large
1286,31,2025-04-17,2025-04-20,8,93.52,9.99,5.61,109.12,On-time,19:45:00,17:00-20:00,502,4,Medium
1287,64,2025-04-17,2025-04-21,8,93.52,9.99,5.61,109.12,Late,22:00:00,17:00-20:00,520,3,Medium
1288,74,2025-04-17,2025-04-19,12,134.28,9.99,8.06,152.33,On-time,19:15:00,17:00-20:00,509,5,Large
1289,1,2025-04-17,2025-04-21,16,177.44,9.99,10.65,198.08,On-time,18:15:00,17:00-20:00,505,4,X-Large
1290,68,2025-04-17,2025-04-20,8,93.52,9.99,5.61,109.12,Late,20:00:00,17:00-20:00,512,2,Medium
1291,6,2025-04-17,2025-04-21,6,73.74,9.99,4.42,88.15,On-time,18:30:00,17:00-20:00,508,4,Medium
1292,46,2025-04-17,2025-04-19,12,134.28,9.99,8.06,152.33,On-time,18:15:00,17:00-20:00,520,4,Large
1293,99,2025-04-17,2025-04-21,16,177.44,9.99,10.65,198.08,Late,22:30:00,17:00-20:00,504,1,X-Large
1294,46,2025-04-17,2025-04-21,12,134.28,9.99,8.06,152.33,Late,21:15:00,17:00-20:00,514,3,Large
1295,62,2025-04-17,2025-04-21,8,93.52,9.99,5.61,109.12,On-time,17:15:00,17:00-20:00,502,5,Medium
1296,5,2025-04-17,2025-04-20,8,93.52,9.99,5.61,109.12,On-time,17:00:00,17:00-20:00,501,5,Medium
1297,40,2025-04-17,2025-04-21,12,134.28,9.99,8.06,152.33,On-time,18:45:00,17:00-20:00,508,4,Large
1298,97,2025-04-17,2025-04-21,8,93.52,9.99,5.61,109.12,On-time,17:30:00,17:00-20:00,501,5,Medium
1299,35,2025-04-17,2025-04-19,8,93.52,9.99,5.61,109.12,On-time,18:45:00,17:00-20:00,514,5,Medium
1300,44,2025-04-17,2025-04-19,8,93.52,9.99,5.61,109.12,On-time,18:45:00,17:00-20:00,516,5,Medium
1301,11,2025-04-17,2025-04-21,6,73.74,9.99,4.42,88.15,Failed,,17:00-20:00,513,1,Medium
1302,56,2025-04-17,2025-04-21,12,134.28,9.99,8.06,152.33,On-time,17:30:00,17:00-20:00,502,5,Large
1303,85,2025-04-17,2025-04-20,4,54.36,9.99,3.26,67.61,On-time,18:45:00,17:00-20:00,519,5,Small
1304,22,2025-04-17,2025-04-21,6,73.74,9.99,4.42,88.15,On-time,18:30:00,17:00-20:00,514,4,Medium
1305,94,2025-04-17,2025-04-20,8,93.52,9.99,5.61,109.12,Failed,,17:00-20:00,519,2,Medium
1306,36,2025-04-17,2025-04-21,12,134.28,9.99,8.06,152.33,On-time,17:00:00,17:00-20:00,512,5,Large
1307,66,2025-04-17,2025-04-21,8,93.52,9.99,5.61,109.12,On-time,19:15:00,17:00-20:00,500,4,Medium
1308,78,2025-04-17,2025-04-21,8,93.52,9.99,5.61,109.12,On-time,18:00:00,17:00-20:00,504,4,Medium
1309,31,2025-04-17,2025-04-21,8,93.52,9.99,5.61,109.12,On-time,18:30:00,17:00-20:00,512,4,Medium
1310,78,2025-04-17,2025-04-19,8,93.52,9.99,5.61,109.12,On-time,19:45:00,17:00-20:00,511,5,Medium
1311,57,2025-04-17,2025-04-19,12,134.28,9.99,8.06,152.33,Late,22:15:00,17:00-20:00,516,2,Large
1312,51,2025-04-17,2025-04-20,16,177.44,9.99,10.65,198.08,Failed,,17:00-20:00,520,2,X-Large
1313,32,2025-04-17,2025-04-19,8,93.52,9.99,5.61,109.12,On-time,17:15:00,17:00-20:00,515,5,Medium
1314,72,2025-04-17,2025-04-19,16,177.44,9.99,10.65,198.08,Late,21:30:00,17:00-20:00,514,1,X-Large
1315,79,2025-04-17,2025-04-20,12,134.28,9.99,8.06,152.33,Failed,,17:00-20:00,515,1,Large
1316,16,2025-04-17,2025-04-19,12,134.28,9.99,8.06,152.33,Late,20:45:00,17:00-20:00,505,3,Large
1317,57,2025-04-17,2025-04-19,12,134.28,9.99,8.06,152.33,On-time,19:30:00,17:00-20:00,502,5,Large
1318,39,2025-04-17,2025-04-19,12,134.28,9.99,8.06,152.33,On-time,19:15:00,17:00-20:00,511,4,Large
1319,16,2025-04-17,2025-04-19,12,134.28,9.99,8.06,152.33,Late,20:15:00,17:00-20:00,515,1,Large
1320,47,2025-04-17,2025-04-21,8,93.52,9.99,5.61,109.12,On-time,19:30:00,17:00-20:00,514,4,Medium
1321,79,2025-04-17,2025-04-19,12,134.28,9.99,8.06,152.33,Late,20:30:00,17:00-20:00,512,3,Large
1322,93,2025-04-17,2025-04-20,8,93.52,9.99,5.61,109.12,Failed,,17:00-20:00,516,2,Medium
1323,99,2025-04-17,2025-04-20,16,177.44,9.99,10.65,198.08,Failed,,17:00-20:00,518,1,X-Large
1324,17,2025-04-17,2025-04-20,6,73.74,9.99,4.42,88.15,On-time,19:00:00,17:00-20:00,516,5,Medium
1325,17,2025-04-17,2025-04-21,6,73.74,9.99,4.42,88.15,On-time,19:15:00,17:00-20:00,504,5,Medium
1326,65,2025-04-17,2025-04-19,16,177.44,9.99,10.65,198.08,Early,15:15:00,17:00-20:00,509,1,X-Large
1327,21,2025-04-17,2025-04-20,6,73.74,9.99,4.42,88.15,Late,22:15:00,17:00-20:00,511,3,Medium
1328,37,2025-04-17,2025-04-19,8,93.52,9.99,5.61,109.12,On-time,18:15:00,17:00-20:00,520,5,Medium
1329,17,2025-04-17,2025-04-21,6,73.74,9.99,4.42,88.15,Failed,,17:00-20:00,509,3,Medium
1330,69,2025-04-17,2025-04-19,4,54.36,9.99,3.26,67.61,Late,22:15:00,17:00-20:00,518,3,Small
1331,20,2025-04-17,2025-04-19,6,73.74,9.99,4.42,88.15,On-time,19:30:00,17:00-20:00,518,4,Medium
1332,4,2025-04-17,2025-04-19,16,177.44,9.99,10.65,198.08,On-time,17:30:00,17:00-20:00,518,5,X-Large
1333,80,2025-04-17,2025-04-21,8,93.52,9.99,5.61,109.12,On-time,17:45:00,17:00-20:00,520,5,Medium
1334,83,2025-04-17,2025-04-20,6,73.74,9.99,4.42,88.15,On-time,18:15:00,17:00-20:00,512,5,Medium
1335,59,2025-04-17,2025-04-19,8,93.52,9.99,5.61,109.12,On-time,19:00:00,17:00-20:00,505,5,Medium
1336,54,2025-04-17,2025-04-20,4,54.36,9.99,3.26,67.61,Late,21:15:00,17:00-20:00,510,3,Small
1337,19,2025-04-17,2025-04-20,8,93.52,9.99,5.61,109.12,On-time,19:30:00,17:00-20:00,511,5,Medium
1338,17,2025-04-17,2025-04-20,6,73.74,9.99,4.42,88.15,On-time,19:00:00,17:00-20:00,514,4,Medium
1339,35,2025-04-17,2025-04-20,8,93.52,9.99,5.61,109.12,Late,21:45:00,17:00-20:00,519,2,Medium
1340,32,2025-04-17,2025-04-19,8,93.52,9.99,5.61,109.12,On-time,18:30:00,17:00-20:00,506,4,Medium
1341,64,2025-04-17,2025-04-21,8,93.52,9.99,5.61,109.12,Failed,,17:00-20:00,514,2,Medium
1342,40,2025-04-17,2025-04-20,12,134.28,9.99,8.06,152.33,On-time,17:00:00,17:00-20:00,512,5,Large
1343,31,2025-04-17,2025-04-19,8,93.52,9.99,5.61,109.12,On-time,19:30:00,17:00-20:00,501,4,Medium
1344,37,2025-04-17,2025-04-20,8,93.52,9.99,5.61,109.12,Late,22:45:00,17:00-20:00,509,3,Medium
1345,2,2025-04-17,2025-04-19,4,54.36,9.99,3.26,67.61,On-time,18:15:00,17:00-20:00,511,5,Small
1346,47,2025-04-17,2025-04-19,8,93.52,9.99,5.61,109.12,On-time,18:00:00,17:00-20:00,518,4,Medium
1347,47,2025-04-17,2025-04-21,8,93.52,9.99,5.61,109.12,On-time,18:00:00,17:00-20:00,512,5,Medium
1348,98,2025-04-17,2025-04-21,16,177.44,9.99,10.65,198.08,Late,20:45:00,17:00-20:00,511,2,X-Large
1349,72,2025-04-17,2025-04-20,16,177.44,9.99,10.65,198.08,On-time,17:15:00,17:00-20:00,512,4,X-Large
1350,6,2025-04-17,2025-04-19,6,73.74,9.99,4.42,88.15,On-time,17:30:00,17:00-20:00,515,5,Medium
1351,20,2025-04-17,2025-04-21,6,73.74,9.99,4.42,88.15,On-time,19:15:00,17:00-20:00,510,5,Medium
1352,21,2025-04-17,2025-04-20,6,73.74,9.99,4.42,88.15,Failed,,17:00-20:00,519,3,Medium
1353,39,2025-04-17,2025-04-21,12,134.28,9.99,8.06,152.33,On-time,18:45:00,17:00-20:00,518,5,Large
1354,61,2025-04-17,2025-04-19,6,73.74,9.99,4.42,88.15,On-time,18:30:00,17:00-20:00,513,5,Medium
1355,93,2025-04-17,2025-04-21,8,93.52,9.99,5.61,109.12,On-time,19:00:00,17:00-20:00,519,5,Medium
1356,34,2025-04-17,2025-04-21,16,177.44,9.99,10.65,198.08,On-time,19:15:00,17:00-20:00,518,5,X-Large
1357,22,2025-04-17,2025-04-21,6,73.74,9.99,4.42,88.15,On-time,19:45:00,17:00-20:00,504,4,Medium
1358,5,2025-04-17,2025-04-21,8,93.52,9.99,5.61,109.12,Late,21:30:00,17:00-20:00,513,1,Medium
1359,53,2025-04-17,2025-04-21,6,73.74,9.99,4.42,88.15,Early,15:45:00,17:00-20:00,516,3,Medium
1360,61,2025-04-17,2025-04-21,6,73.74,9.99,4.42,88.15,On-time,19:00:00,17:00-20:00,516,4,Medium
1361,72,2025-04-17,2025-04-20,16,177.44,9.99,10.65,198.08,On-time,19:45:00,17:00-20:00,510,4,X-Large
1362,59,2025-04-17,2025-04-21,8,93.52,9.99,5.61,109.12,On-time,18:30:00,17:00-20:00,520,5,Medium
1363,79,2025-04-17,2025-04-20,12,134.28,9.99,8.06,152.33,Early,15:15:00,17:00-20:00,508,3,Large
1364,39,2025-04-17,2025-04-19,12,134.28,9.99,8.06,152.33,On-time,18:30:00,17:00-20:00,506,5,Large
1365,41,2025-04-17,2025-04-20,16,177.44,9.99,10.65,198.08,On-time,18:30:00,17:00-20:00,509,4,X-Large
1366,74,2025-04-17,2025-04-21,12,134.28,9.99,8.06,152.33,On-time,19:45:00,17:00-20:00,512,5,Large
1367,99,2025-04-17,2025-04-19,16,177.44,9.99,10.65,198.08,Late,21:00:00,17:00-20:00,509,3,X-Large
1368,11,2025-04-17,2025-04-20,6,73.74,9.99,4.42,88.15,On-time,18:30:00,17:00-20:00,506,4,Medium
1369,69,2025-04-17,2025-04-20,4,54.36,9.99,3.26,67.61,Late,22:30:00,17:00-20:00,504,1,Small
1370,79,2025-04-17,2025-04-21,12,134.28,9.99,8.06,152.33,On-time,19:15:00,17:00-20:00,507,4,Large
1371,86,2025-04-17,2025-04-21,12,134.28,9.99,8.06,152.33,On-time,17:15:00,17:00-20:00,501,4,Large
1372,53,2025-04-17,2025-04-20,6,73.74,9.99,4.42,88.15,Late,20:00:00,17:00-20:00,517,1,Medium
1373,53,2025-04-17,2025-04-21,6,73.74,9.99,4.42,88.15,On-time,18:45:00,17:00-20:00,509,5,Medium
1374,37,2025-04-17,2025-04-21,8,93.52,9.99,5.61,109.12,On-time,17:00:00,17:00-20:00,520,4,Medium
1375,69,2025-04-17,2025-04-21,4,54.36,9.99,3.26,67.61,On-time,19:00:00,17:00-20:00,505,5,Small
1376,23,2025-04-17,2025-04-19,12,134.28,9.99,8.06,152.33,Late,21:45:00,17:00-20:00,505,3,Large
1377,38,2025-04-17,2025-04-19,6,73.74,9.99,4.42,88.15,On-time,17:30:00,17:00-20:00,518,4,Medium
1378,43,2025-04-17,2025-04-20,6,73.74,9.99,4.42,88.15,On-time,18:45:00,17:00-20:00,504,5,Medium
1379,35,2025-04-17,2025-04-19,8,93.52,9.99,5.61,109.12,Late,21:30:00,17:00-20:00,505,1,Medium
1380,95,2025-04-17,2025-04-20,8,93.52,9.99,5.61,109.12,Late,22:45:00,17:00-20:00,513,3,Medium
1381,42,2025-04-17,2025-04-19,4,54.36,9.99,3.26,67.61,On-time,18:00:00,17:00-20:00,505,4,Small
1382,62,2025-04-17,2025-04-20,8,93.52,9.99,5.61,109.12,On-time,17:00:00,17:00-20:00,508,5,Medium
1383,31,2025-04-17,2025-04-20,8,93.52,9.99,5.61,109.12,On-time,18:30:00,17:00-20:00,509,4,Medium
1384,34,2025-04-17,2025-04-21,16,177.44,9.99,10.65,198.08,Late,21:15:00,17:00-20:00,501,3,X-Large
1385,16,2025-04-17,2025-04-20,12,134.28,9.99,8.06,152.33,Failed,,17:00-20:00,509,1,Large
1386,52,2025-04-17,2025-04-21,16,177.44,9.99,10.65,198.08,On-time,19:30:00,17:00-20:00,503,5,X-Large
1387,48,2025-04-17,2025-04-21,8,93.52,9.99,5.61,109.12,On-time,17:15:00,17:00-20:00,515,4,Medium
1388,59,2025-04-17,2025-04-21,8,93.52,9.99,5.61,109.12,On-time,19:30:00,17:00-20:00,513,5,Medium
1389,97,2025-04-17,2025-04-21,8,93.52,9.99,5.61,109.12,On-time,19:15:00,17:00-20:00,519,4,Medium
1390,68,2025-04-17,2025-04-20,8,93.52,9.99,5.61,109.12,Late,22:00:00,17:00-20:00,501,3,Medium
1391,65,2025-04-17,2025-04-19,16,177.44,9.99,10.65,198.08,Late,22:45:00,17:00-20:00,503,3,X-Large
1392,27,2025-04-17,2025-04-21,4,54.36,9.99,3.26,67.61,Late,22:45:00,17:00-20:00,502,3,Small
1393,58,2025-04-17,2025-04-19,12,134.28,9.99,8.06,152.33,Late,21:15:00,17:00-20:00,516,2,Large
1394,59,2025-04-17,2025-04-21,8,93.52,9.99,5.61,109.12,On-time,17:45:00,17:00-20:00,509,4,Medium
1395,51,2025-04-17,2025-04-20,16,177.44,9.99,10.65,198.08,On-time,17:15:00,17:00-20:00,518,4,X-Large
1396,6,2025-04-17,2025-04-20,6,73.74,9.99,4.42,88.15,On-time,18:00:00,17:00-20:00,517,4,Medium
1397,9,2025-04-17,2025-04-20,8,93.52,9.99,5.61,109.12,On-time,17:30:00,17:00-20:00,513,4,Medium
1398,99,2025-04-17,2025-04-19,16,177.44,9.99,10.65,198.08,On-time,19:45:00,17:00-20:00,511,5,X-Large
1399,58,2025-04-17,2025-04-20,12,134.28,9.99,8.06,152.33,On-time,18:00:00,17:00-20:00,517,4,Large
1400,84,2025-04-17,2025-04-20,8,93.52,9.99,5.61,109.12,Late,20:15:00,17:00-20:00,517,2,Medium
1401,68,2025-04-17,2025-04-19,8,93.52,9.99,5.61,109.12,On-time,19:15:00,17:00-20:00,500,5,Medium
1402,60,2025-04-17,2025-04-21,12,134.28,9.99,8.06,152.33,Late,22:45:00,17:00-20:00,517,2,Large
1403,30,2025-04-17,2025-04-19,12,134.28,9.99,8.06,152.33,On-time,18:30:00,17:00-20:00,504,5,Large
1404,25,2025-04-17,2025-04-21,8,93.52,9.99,5.61,109.12,On-time,17:00:00,17:00-20:00,513,4,Medium
1405,31,2025-04-17,2025-04-19,8,93.52,9.99,5.61,109.12,On-time,17:00:00,17:00-20:00,519,4,Medium
1406,58,2025-04-17,2025-04-21,12,134.28,9.99,8.06,152.33,Late,22:00:00,17:00-20:00,507,3,Large
1407,6,2025-04-17,2025-04-20,6,73.74,9.99,4.42,88.15,Late,21:15:00,17:00-20:00,517,1,Medium
1408,97,2025-04-17,2025-04-19,8,93.52,9.99,5.61,109.12,Late,20:30:00,17:00-20:00,507,3,Medium
1409,74,2025-04-17,2025-04-20,12,134.28,9.99,8.06,152.33,On-time,19:30:00,17:00-20:00,507,5,Large
1410,19,2025-04-17,2025-04-21,8,93.52,9.99,5.61,109.12,On-time,19:15:00,17:00-20:00,513,5,Medium
1411,36,2025-04-17,2025-04-19,12,134.28,9.99,8.06,152.33,On-time,19:15:00,17:00-20:00,513,5,Large
1412,7,2025-04-17,2025-04-20,16,177.44,9.99,10.65,198.08,On-time,19:45:00,17:00-20:00,510,5,X-Large
1413,53,2025-04-17,2025-04-19,6,73.74,9.99,4.42,88.15,Late,21:45:00,17:00-20:00,505,3,Medium
1414,61,2025-04-17,2025-04-19,6,73.74,9.99,4.42,88.15,On-time,17:30:00,17:00-20:00,504,5,Medium
1415,8,2025-04-17,2025-04-21,12,134.28,9.99,8.06,152.33,On-time,18:45:00,17:00-20:00,517,4,Large
1416,50,2025-04-17,2025-04-19,16,177.44,9.99,10.65,198.08,On-time,18:15:00,17:00-20:00,502,5,X-Large
1417,48,2025-04-17,2025-04-19,8,93.52,9.99,5.61,109.12,Late,21:00:00,17:00-20:00,502,1,Medium
1418,98,2025-04-17,2025-04-21,16,177.44,9.99,10.65,198.08,On-time,19:15:00,17:00-20:00,510,5,X-Large
1419,2,2025-04-17,2025-04-19,4,54.36,9.99,3.26,67.61,On-time,17:00:00,17:00-20:00,515,4,Small
1420,90,2025-04-17,2025-04-21,16,177.44,9.99,10.65,198.08,On-time,19:15:00,17:00-20:00,512,4,X-Large
1421,71,2025-04-17,2025-04-20,12,134.28,9.99,8.06,152.33,Late,21:45:00,17:00-20:00,514,3,Large
1422,84,2025-04-17,2025-04-20,8,93.52,9.99,5.61,109.12,Late,21:30:00,17:00-20:00,511,3,Medium
1423,64,2025-04-17,2025-04-20,8,93.52,9.99,5.61,109.12,On-time,17:45:00,17:00-20:00,510,4,Medium
1424,48,2025-04-17,2025-04-20,8,93.52,9.99,5.61,109.12,On-time,18:00:00,17:00-20:00,507,4,Medium
1425,3,2025-04-17,2025-04-20,4,54.36,9.99,3.26,67.61,On-time,19:45:00,17:00-20:00,509,4,Small
1426,26,2025-04-17,2025-04-20,8,93.52,9.99,5.61,109.12,On-time,17:45:00,17:00-20:00,518,4,Medium
1427,64,2025-04-17,2025-04-21,8,93.52,9.99,5.61,109.12,On-time,19:30:00,17:00-20:00,515,5,Medium
1428,59,2025-04-17,2025-04-19,8,93.52,9.99,5.61,109.12,On-time,19:30:00,17:00-20:00,505,4,Medium
1429,93,2025-04-17,2025-04-21,8,93.52,9.99,5.61,109.12,On-time,18:15:00,17:00-20:00,517,4,Medium
1430,68,2025-04-17,2025-04-19,8,93.52,9.99,5.61,109.12,On-time,17:00:00,17:00-20:00,513,4,Medium
1431,81,2025-04-17,2025-04-19,8,93.52,9.99,5.61,109.12,On-time,17:15:00,17:00-20:00,500,4,Medium
1432,65,2025-04-17,2025-04-20,16,177.44,9.99,10.65,198.08,On-time,18:00:00,17:00-20:00,519,5,X-Large
1433,85,2025-04-17,2025-04-20,4,54.36,9.99,3.26,67.61,Failed,,17:00-20:00,500,1,Small
1434,69,2025-04-17,2025-04-21,4,54.36,9.99,3.26,67.61,Late,21:00:00,17:00-20:00,500,3,Small
1435,93,2025-04-17,2025-04-20,8,93.52,9.99,5.61,109.12,On-time,19:30:00,17:00-20:00,500,5,Medium
1436,23,2025-04-17,2025-04-19,12,134.28,9.99,8.06,152.33,Late,20:15:00,17:00-20:00,507,1,Large
1437,80,2025-04-17,2025-04-21,8,93.52,9.99,5.61,109.12,On-time,18:30:00,17:00-20:00,508,5,Medium
1438,11,2025-04-17,2025-04-20,6,73.74,9.99,4.42,88.15,Late,21:45:00,17:00-20:00,518,1,Medium
1439,90,2025-04-17,2025-04-19,16,177.44,9.99,10.65,198.08,Late,21:00:00,17:00-20:00,520,3,X-Large
1440,98,2025-04-17,2025-04-19,16,177.44,9.99,10.65,198.08,On-time,17:45:00,17:00-20:00,517,5,X-Large
1441,8,2025-04-17,2025-04-21,12,134.28,9.99,8.06,152.33,On-time,17:15:00,17:00-20:00,502,5,Large
1442,56,2025-04-17,2025-04-21,12,134.28,9.99,8.06,152.33,On-time,18:00:00,17:00-20:00,501,4,Large
1443,28,2025-04-17,2025-04-21,8,93.52,9.99,5.61,109.12,On-time,19:45:00,17:00-20:00,502,5,Medium
1444,70,2025-04-17,2025-04-21,16,177.44,9.99,10.65,198.08,Late,22:00:00,17:00-20:00,505,2,X-Large
1445,3,2025-04-17,2025-04-19,4,54.36,9.99,3.26,67.61,On-time,19:15:00,17:00-20:00,512,4,Small
1446,39,2025-04-17,2025-04-19,12,134.28,9.99,8.06,152.33,On-time,19:15:00,17:00-20:00,518,5,Large
1447,87,2025-04-17,2025-04-21,6,73.74,9.99,4.42,88.15,Late,21:45:00,17:00-20:00,504,3,Medium
1448,93,2025-04-17,2025-04-19,8,93.52,9.99,5.61,109.12,Early,16:00:00,17:00-20:00,503,2,Medium
1449,30,2025-04-17,2025-04-19,12,134.28,9.99,8.06,152.33,On-time,18:45:00,17:00-20:00,510,4,Large
1450,82,2025-04-17,2025-04-20,12,134.28,9.99,8.06,152.33,On-time,18:45:00,17:00-20:00,507,5,Large
1451,71,2025-04-17,2025-04-20,12,134.28,9.99,8.06,152.33,On-time,18:15:00,17:00-20:00,512,4,Large
1452,99,2025-04-17,2025-04-21,16,177.44,9.99,10.65,198.08,On-time,18:15:00,17:00-20:00,502,4,X-Large
1453,35,2025-04-17,2025-04-19,8,93.52,9.99,5.61,109.12,Failed,,17:00-20:00,512,3,Medium
1454,82,2025-04-17,2025-04-19,12,134.28,9.99,8.06,152.33,On-time,19:45:00,17:00-20:00,510,5,Large
1455,14,2025-04-17,2025-04-19,8,93.52,9.99,5.61,109.12,On-time,17:30:00,17:00-20:00,514,5,Medium
1456,98,2025-04-17,2025-04-20,16,177.44,9.99,10.65,198.08,Late,21:45:00,17:00-20:00,517,3,X-Large
1457,66,2025-04-17,2025-04-20,8,93.52,9.99,5.61,109.12,On-time,17:00:00,17:00-20:00,502,5,Medium
1458,71,2025-04-17,2025-04-19,12,134.28,9.99,8.06,152.33,Late,22:30:00,17:00-20:00,512,1,Large
1459,38,2025-04-17,2025-04-20,6,73.74,9.99,4.42,88.15,Late,21:00:00,17:00-20:00,517,1,Medium
1460,74,2025-04-17,2025-04-21,12,134.28,9.99,8.06,152.33,On-time,17:45:00,17:00-20:00,505,4,Large
1461,35,2025-04-17,2025-04-20,8,93.52,9.99,5.61,109.12,Late,20:45:00,17:00-20:00,508,2,Medium
1462,39,2025-04-17,2025-04-20,12,134.28,9.99,8.06,152.33,On-time,17:30:00,17:00-20:00,508,4,Large
1463,93,2025-04-17,2025-04-21,8,93.52,9.99,5.61,109.12,Failed,,17:00-20:00,515,3,Medium
1464,79,2025-04-17,2025-04-19,12,134.28,9.99,8.06,152.33,Late,21:00:00,17:00-20:00,504,2,Large
1465,1,2025-04-17,2025-04-20,16,177.44,9.99,10.65,198.08,On-time,18:45:00,17:00-20:00,510,5,X-Large
1466,43,2025-04-17,2025-04-20,6,73.74,9.99,4.42,88.15,On-time,19:15:00,17:00-20:00,519,4,Medium
1467,62,2025-04-17,2025-04-20,8,93.52,9.99,5.61,109.12,On-time,17:45:00,17:00-20:00,510,5,Medium
1468,95,2025-04-17,2025-04-21,8,93.52,9.99,5.61,109.12,On-time,19:45:00,17:00-20:00,507,5,Medium
1469,49,2025-04-17,2025-04-20,12,134.28,9.99,8.06,152.33,Failed,,17:00-20:00,512,2,Large
1470,15,2025-04-17,2025-04-21,12,134.28,9.99,8.06,152.33,On-time,17:15:00,17:00-20:00,517,4,Large
1471,94,2025-04-17,2025-04-20,8,93.52,9.99,5.61,109.12,On-time,19:15:00,17:00-20:00,514,5,Medium
1472,89,2025-04-17,2025-04-19,6,73.74,9.99,4.42,88.15,Late,21:15:00,17:00-20:00,508,3,Medium
1473,20,2025-04-17,2025-04-21,6,73.74,9.99,4.42,88.15,On-time,18:45:00,17:00-20:00,502,5,Medium
1474,77,2025-04-17,2025-04-20,12,134.28,9.99,8.06,152.33,On-time,19:45:00,17:00-20:00,513,4,Large
1475,47,2025-04-17,2025-04-21,8,93.52,9.99,5.61,109.12,Late,22:00:00,17:00-20:00,503,1,Medium
1476,85,2025-04-17,2025-04-21,4,54.36,9.99,3.26,67.61,On-time,18:15:00,17:00-20:00,520,4,Small
1477,73,2025-04-17,2025-04-21,16,177.44,9.99,10.65,198.08,Late,22:45:00,17:00-20:00,510,2,X-Large
1478,14,2025-04-17,2025-04-19,8,93.52,9.99,5.61,109.12,On-time,17:30:00,17:00-20:00,507,4,Medium
1479,58,2025-04-17,2025-04-20,12,134.28,9.99,8.06,152.33,On-time,18:45:00,17:00-20:00,518,4,Large
1480,45,2025-04-17,2025-04-19,6,73.74,9.99,4.42,88.15,On-time,18:00:00,17:00-20:00,509,5,Medium
1481,11,2025-04-17,2025-04-19,6,73.74,9.99,4.42,88.15,On-time,19:15:00,17:00-20:00,510,5,Medium
1482,27,2025-04-17,2025-04-21,4,54.36,9.99,3.26,67.61,Late,21:30:00,17:00-20:00,515,1,Small
1483,57,2025-04-17,2025-04-21,12,134.28,9.99,8.06,152.33,On-time,19:45:00,17:00-20:00,509,4,Large
1484,91,2025-04-17,2025-04-19,6,73.74,9.99,4.42,88.15,On-time,17:30:00,17:00-20:00,520,4,Medium
1485,87,2025-04-17,2025-04-19,6,73.74,9.99,4.42,88.15,On-time,19:15:00,17:00-20:00,516,4,Medium
1486,71,2025-04-17,2025-04-19,12,134.28,9.99,8.06,152.33,Late,21:45:00,17:00-20:00,514,1,Large
1487,52,2025-04-17,2025-04-21,16,177.44,9.99,10.65,198.08,Failed,,17:00-20:00,505,1,X-Large
1488,82,2025-04-17,2025-04-21,12,134.28,9.99,8.06,152.33,Late,21:45:00,17:00-20:00,500,3,Large
1489,79,2025-04-17,2025-04-19,12,134.28,9.99,8.06,152.33,On-time,18:45:00,17:00-20:00,512,4,Large
1490,91,2025-04-17,2025-04-19,6,73.74,9.99,4.42,88.15,On-time,17:30:00,17:00-20:00,502,4,Medium
1491,69,2025-04-17,2025-04-19,4,54.36,9.99,3.26,67.61,Late,20:30:00,17:00-20:00,515,3,Small
1492,82,2025-04-17,2025-04-20,12,134.28,9.99,8.06,152.33,On-time,19:45:00,17:00-20:00,519,5,Large
1493,76,2025-04-17,2025-04-19,6,73.74,9.99,4.42,88.15,On-time,18:30:00,17:00-20:00,514,4,Medium
1494,87,2025-04-17,2025-04-21,6,73.74,9.99,4.42,88.15,On-time,18:00:00,17:00-20:00,504,5,Medium
1495,16,2025-04-17,2025-04-19,12,134.28,9.99,8.06,152.33,Late,22:15:00,17:00-20:00,516,2,Large
1496,54,2025-04-17,2025-04-21,4,54.36,9.99,3.26,67.61,On-time,17:45:00,17:00-20:00,513,4,Small
1497,63,2025-04-17,2025-04-21,6,73.74,9.99,4.42,88.15,Late,22:15:00,17:00-20:00,517,1,Medium
1498,63,2025-04-17,2025-04-20,6,73.74,9.99,4.42,88.15,On-time,17:15:00,17:00-20:00,510,5,Medium
1499,80,2025-04-17,2025-04-19,8,93.52,9.99,5.61,109.12,On-time,18:00:00,17:00-20:00,515,4,Medium
1500,25,2025-04-17,2025-04-20,8,93.52,9.99,5.61,109.12,Late,22:45:00,17:00-20:00,513,3,Medium
